AMERICAN HOLIDAYS
200|Since 1941, Thanksgiving is observed on this Thursday in November|the fourth Thursday
400|\"Shrove Tuesday", the day before Lent starts, is commonly called this in New Orleans|Mardi Gras
600|Supposedly a union president suggested date of this holiday to fill gap between July 4th & Thanksgiving|Labor Day
800|Until June 1, 1954, this was officially called "Armistice Day\"|Veterans Day
1000|This memorialized president's birthday, April 13, was a legal holiday in Virginia from 1943 to 1967|Thomas Jefferson
