DAYS OF OUR LIVES
200|This eventual Republican nominee swept the "Super Tuesday" voting on March 12, 1996|Bob Dole
400|May 14, 1998, when Frank Sinatra died & the last "Seinfeld" aired, was this day of the week|Thursday
600|The 1st of these Sundays was Jan. 15, 1967; the XXXIIIrd was Jan. 31, 1999|Super Bowl Sunday
800|Theoretically, this future Friday is the last day programmers have to fix the bug known as "Y2K\"|December 31, 1999
1000|Neil Armstrong stepped onto the Moon on this date, exactly 6 months into Nixon's presidency|July 20, 1969
